score,agreement,models,position,company,location,date,reason,url
"83","agree","opus 80 / haiku 85","Junior Software Engineer","StatusNeo","India","2026-06-11","Junior software engineer ตรง seniority และสาย","https://remoteok.com/remote-jobs/remote-junior-software-engineer-statusneo-1133251"
"82","agree","opus 82 / haiku 82","Junior Front End Developer","PULSEMEDIA (APAC)","","2026-05-23","Junior frontend APAC remote ตรงมาก","https://remoteok.com/remote-jobs/remote-junior-front-end-developer-pulsemedia-apac-1132221"
"82","agree","opus 75 / haiku 88","Intern SD Engineer","Copious","Maharashtra","2026-05-19","Intern SD engineer ตรง seniority ดี","https://remoteok.com/remote-jobs/remote-intern-sd-engineer-copious-1131629"
"82","agree","opus 80 / haiku 84","Junior Front End Developer","PulseMediaNL","","2026-05-16","Junior frontend remote ตรงสกิลและระดับ","https://remoteok.com/remote-jobs/remote-junior-front-end-developer-pulsemedianl-1132446"
"82","agree","opus 78 / haiku 86","Software Development Intern","Hone Health","Worldwide","2025-10-13","Dev intern worldwide ตรง seniority ดี","https://remoteok.com/remote-jobs/remote-software-development-intern-hone-health-1128280"
"75","agree","opus 72 / haiku 78","Backend Developer","360Dialog","Serbia | Europe","2026-06-11","Backend ตรงสกิล node แต่ยุโรป timezone","https://remoteok.com/remote-jobs/remote-backend-developer-360dialog-1133242"
"75","agree","opus 70 / haiku 80","Applied AI Engineer","Bjak","Switzerland | Europe","2026-06-07","Applied AI ตรงสาย แต่ยุโรป timezone","https://remoteok.com/remote-jobs/remote-applied-ai-engineer-bjak-1132964"
"75","agree","opus 70 / haiku 79","Software Developer React NextJS","Leap Tools","Canada","2026-04-28","React NextJS ตรงสกิลมาก แต่แคนาดา","https://remoteok.com/remote-jobs/remote-software-developer-react-nextjs-leap-tools-1133095"
"74","agree","opus 72 / haiku 76","Software Engineer","MagicSchool AI","Worldwide","2025-12-11","Software engineer AI worldwide ตรงสาย","https://remoteok.com/remote-jobs/remote-software-engineer-magicschool-ai-1129171"
"72","agree","opus 68 / haiku 75","Backend Developer","Nabu Casa","Canada","2026-05-12","Backend Nabu Casa ตรงสาย แต่แคนาดา","https://remoteok.com/remote-jobs/remote-backend-developer-nabu-casa-1132834"
"65","agree","opus 62 / haiku 68","Frontend Developer Medical Imaging","NeuroDiscovery AI","India","2026-06-09","Frontend React ตรงสกิล แต่ medical imaging","https://remoteok.com/remote-jobs/remote-frontend-developer-medical-imaging-neurodiscovery-ai-1133256"
"65","agree","opus 68 / haiku 62","Prompt Engineer","Acclaim AI","Brazil","2026-06-09","Prompt engineer ตรง AI/RAG แต่บราซิล","https://remoteok.com/remote-jobs/remote-prompt-engineer-acclaim-ai-1133274"
"64","agree","opus 58 / haiku 70","Frontend Engineer","over99","Canada","2026-06-04","Frontend ตรงสกิล แต่แคนาดา timezone","https://remoteok.com/remote-jobs/remote-frontend-engineer-over99-1133038"
"61","agree","opus 60 / haiku 62","Software engineer","Sticker Mule","Europe","2026-05-22","Software engineer แต่ยุโรป timezone","https://remoteok.com/remote-jobs/remote-software-engineer-sticker-mule-1093738"
"60","agree","opus 62 / haiku 58","Software Engineer","Tech Innovations Inc.","United States","2025-10-07","Software engineer US ระบุไม่ชัด","https://remoteok.com/remote-jobs/remote-software-engineer-tech-innovations-inc-1128230"
"58","agree","opus 55 / haiku 60","Software Engineer C","Octo Horizon","Worldwide","2026-05-22","Software engineer C worldwide ระบุไม่ชัด","https://remoteok.com/remote-jobs/remote-software-engineer-c-octo-horizon-1128583"
"54","split","opus 42 / haiku 65","Site Reliability Engineer","RBC","Worldwide","2026-05-28","SRE worldwide แต่ไม่ระบุ junior","https://remoteok.com/remote-jobs/remote-site-reliability-engineer-rbc-1132479"
"54","agree","opus 55 / haiku 52","Application Developer","Accenture in India","Worldwide","2025-07-17","Application developer worldwide ระดับไม่ชัด","https://remoteok.com/remote-jobs/remote-application-developer-accenture-in-india-1131679"
"49","split","opus 25 / haiku 72","Healthcare Admin Assistant AI Projects","CuraSenseAI","United States","2026-06-12","งานแอดมินสุขภาพ ไม่ตรงสายวิศวกรรม","https://remoteok.com/remote-jobs/remote-healthcare-admin-assistant-ai-projects-curasenseai-1133328"
"48","agree","opus 40 / haiku 55","Senior Vue Developer","Lemon.io","Latin America | Europe | United States | Canada | Oceania | Japan | Singapore | South Korea | Philippines | Indonesia | Malaysia | Vietnam | Thailand | South Africa | Israel | Morocco | United Kingdom","2026-05-27","Senior Vue แม้รวมไทย แต่ senior","https://remoteok.com/remote-jobs/remote-senior-vue-developer-lemon-io-1132383"
"44","agree","opus 40 / haiku 48","Data Scientist","YO HR Consultancy","Worldwide","2026-06-09","Data scientist ใช้ python แต่ไม่ตรงสาย","https://remoteok.com/remote-jobs/remote-data-scientist-yo-hr-consultancy-1133043"
"43","agree","opus 40 / haiku 45","Design Engineer","MrBeast","United States","2026-06-10","Design engineer คลุมเครือ ไม่ระบุ junior","https://remoteok.com/remote-jobs/remote-design-engineer-mrbeast-1133239"
"43","agree","opus 48 / haiku 38","Bluelight Consulting Fullstack PHP developer . Latin America","Bluelight Consulting","Argentina","2026-05-28","Fullstack แต่ PHP ไม่ตรงสกิล","https://remoteok.com/remote-jobs/remote-bluelight-consulting-fullstack-php-developer-latin-america-bluelight-consulting-1132450"
"43","agree","opus 35 / haiku 50","Data Conversion Developer","Grant Street Group","United States","2026-05-02","Data conversion dev ไม่ค่อยตรงสาย","https://remoteok.com/remote-jobs/remote-data-conversion-developer-grant-street-group-1131433"
"37","split","opus 18 / haiku 55","Developer Relations Lead","OpenRouter","Probably worldwide","2026-01-28","DevRel lead หลีกเลี่ยง lead","https://remoteok.com/remote-jobs/remote-developer-relations-lead-openrouter-1129850"
"36","agree","opus 30 / haiku 42","Data Analyst","Stio","Probably worldwide","2026-06-09","Data analyst ไม่ตรงสายพัฒนา","https://remoteok.com/remote-jobs/remote-data-analyst-stio-1133036"
"36","split","opus 48 / haiku 24","Golang Software Developer","Winnow","Probably worldwide","2025-09-23","Golang dev ไม่ตรงสกิลหลัก","https://remoteok.com/remote-jobs/remote-golang-software-developer-winnow-1128073"
"34","agree","opus 28 / haiku 40","Data Analyst","Fusemachines","Canada","2026-06-08","Data analyst แคนาดา ไม่ตรงสาย","https://remoteok.com/remote-jobs/remote-data-analyst-fusemachines-1133041"
"33","agree","opus 28 / haiku 38","Data Analyst","Stio®","United States","2026-06-05","Data analyst US ไม่ตรงสาย","https://remoteok.com/remote-jobs/remote-data-analyst-stior-1132903"
"32","agree","opus 28 / haiku 36","Data Analyst","Crossing Hurdles","Worldwide","2026-05-29","Data analyst ไม่ตรงสายพัฒนา","https://remoteok.com/remote-jobs/remote-data-analyst-crossing-hurdles-1132484"
"28","agree","opus 20 / haiku 35",".NET Developer Advocate","JetBrains","Netherlands | Europe","2026-05-12",".NET advocate devrel ไม่ตรงสกิล","https://remoteok.com/remote-jobs/remote-net-developer-advocate-jetbrains-1131563"
"20","split","opus 10 / haiku 30","Field Service Engineer Australia","Dexory","Australia","2026-04-29","Field service engineer ไม่ตรงสาย","https://remoteok.com/remote-jobs/remote-field-service-engineer-australia-dexory-1132464"
"19","split","opus 10 / haiku 28","Open Source Developer Golang","OpenZeppelin","Probably worldwide","2025-08-08","OpenZeppelin Golang blockchain หลีกเลี่ยง","https://remoteok.com/remote-jobs/remote-open-source-developer-golang-openzeppelin-1093784"
"17","agree","opus 15 / haiku 18","Senior ML Engineer","Clutch","Probably worldwide","2026-06-07","Senior ML หลีกเลี่ยง seniority","https://remoteok.com/remote-jobs/remote-senior-ml-engineer-clutch-1132963"
"17","split","opus 8 / haiku 25","Junior Business Developer Bangalore F M X","LittleBig Connection","Worldwide","2026-06-02","Business developer คือ sales หลีกเลี่ยง","https://remoteok.com/remote-jobs/remote-junior-business-developer-bangalore-f-m-x-littlebig-connection-1132871"
"16","agree","opus 15 / haiku 16","Senior Software Developer Burnaby","Geotab","Burnaby","2026-05-01","Senior developer หลีกเลี่ยง seniority","https://remoteok.com/remote-jobs/remote-senior-software-developer-burnaby-geotab-1131407"
"15","agree","opus 15 / haiku 15","Senior SDET","NDEAVOUR CONSULTING","Probably worldwide","2026-06-10","Senior SDET อยู่ในรายการหลีกเลี่ยง","https://remoteok.com/remote-jobs/remote-senior-sdet-ndeavour-consulting-1133163"
"15","agree","opus 15 / haiku 14","Senior Software Engineer","Atom Computing","Probably worldwide","2026-06-01","Senior engineer หลีกเลี่ยง seniority","https://remoteok.com/remote-jobs/remote-senior-software-engineer-atom-computing-1132662"
"14","agree","opus 15 / haiku 12","Senior Software Engineer","Stellar AI","Europe | North America | United Kingdom | Australia | New Zealand | Contractor","2026-06-03","Senior engineer หลีกเลี่ยง seniority","https://remoteok.com/remote-jobs/remote-senior-software-engineer-stellar-ai-1128869"
"14","agree","opus 8 / haiku 20","Freelance Solutions Architect Braze & Iterable Experience","APPLY","United Kingdom","2026-05-30","Braze/Iterable marketing tools หลีกเลี่ยง","https://remoteok.com/remote-jobs/remote-freelance-solutions-architect-braze-amp-iterable-experience-apply-1132557"
"14","agree","opus 15 / haiku 12","Senior Golang Developer","TRE ALTAMIRA Srl","Probably worldwide","2026-05-14","Senior Golang หลีกเลี่ยง seniority","https://remoteok.com/remote-jobs/remote-senior-golang-developer-tre-altamira-srl-1131593"
"13","agree","opus 15 / haiku 11","Senior Golang Developer","Group IB","Probably worldwide","2025-11-02","Senior Golang หลีกเลี่ยง seniority","https://remoteok.com/remote-jobs/remote-senior-golang-developer-group-ib-1128764"
"13","agree","opus 12 / haiku 13","Senior Golang Full Stack Developer","GRAX","Probably worldwide","2025-10-23","Senior Golang fullstack หลีกเลี่ยง","https://remoteok.com/remote-jobs/remote-senior-golang-full-stack-developer-grax-1128539"
"10","agree","opus 10 / haiku 10","Staff Software Engineer Infrastructure","Docker","Probably worldwide","2026-06-08","Staff infra แม้ Docker หลีกเลี่ยง seniority","https://remoteok.com/remote-jobs/remote-staff-software-engineer-infrastructure-docker-1133025"
"10","agree","opus 5 / haiku 15","Aztec smart contracts and Javascript front end dev","Cloak","Worldwide","2025-08-15","Aztec smart contract blockchain หลีกเลี่ยง","https://remoteok.com/remote-jobs/remote-aztec-smart-contracts-and-javascript-front-end-dev-cloak-1093827"
"9","agree","opus 8 / haiku 9","Senior Staff Ruby on Rails Engineer","Housecall Pro","Brazil | Mexico | Argentina | Colombia | Uruguay | Contractor","2025-08-15","Senior staff Ruby หลีกเลี่ยง seniority","https://remoteok.com/remote-jobs/remote-senior-staff-ruby-on-rails-engineer-housecall-pro-1093828"
"7","agree","opus 5 / haiku 8","Senior Data Engineering Manager","YipitData","United States","2026-06-10","Senior manager หลีกเลี่ยง seniority สูง","https://remoteok.com/remote-jobs/remote-senior-data-engineering-manager-yipitdata-1133161"
"7","agree","opus 5 / haiku 8","Senior Manager Developer Evangelism","Twilio","Worldwide | United States","2026-04-16","Senior manager evangelism หลีกเลี่ยง","https://remoteok.com/remote-jobs/remote-senior-manager-developer-evangelism-twilio-1131165"
"5","agree","opus 5 / haiku 5","Principal Operations Engineer Hardware — Data Center Operations","Fluidstack","Probably worldwide","2026-06-09","Principal hardware ops ไม่ตรงเลย","https://remoteok.com/remote-jobs/remote-principal-operations-engineer-hardware-data-center-operations-fluidstack-1133077"